<?xml version="1.0" encoding="UTF-8"?>
<!DOCTYPE mapper
        PUBLIC "-//mybatis.org//DTD Mapper 3.0//EN"
        "https://mybatis.org/dtd/mybatis-3-mapper.dtd">
<mapper namespace="org.example.springweb.repository.PostRepository">
    <!--<select id="findAll" resultType="org.example.springweb.Domain.Post">
        SELECT * FROM post
    </select> -->
    <!-- 위 주석을 해제하려면 PostRepository파일의 13번째 줄 주석을 해제 한다. 그래도 같은 결과를 갖음 -->

    <select id="findAllWithLikes" resultType="org.example.springweb.Domain.Post" parameterType="map">
        SELECT * FROM post
        <where>
            <if test="title != null and title != ''">
                AND title like concat('%', #{title}, '%')
            </if>
            <if test="likes != null">
                AND likes &gt; #{likes}
            </if>
        </where>
    </select>

    <select id="findById" parameterType="int" resultType="org.example.springweb.Domain.Post">
        SELECT * FROM post WHERE postid = #{postId}
    </select>
    <delete id="deletePost" parameterType="int">
        DELETE FROM post
        WHERE postid = #{postId}
    </delete>
    <update id="updatePost" parameterType="org.example.springweb.Domain.Post">
        UPDATE post
        SET body = #{body} , likes = #{likes}
        WHERE postid = #{postId}
    </update>
    <insert id="insertPost" parameterType="org.example.springweb.Domain.Post" useGeneratedKeys="true"
            keyProperty="postId">
        INSERT INTO post(title, body)
        VALUES (#{title}, #{body})
    </insert>
</mapper>
